{"cameraMode":{"drawMode":0,"name":"Shaded","section":"Shading Mode"},"sceneLighting":true,"audioPlay":false,"sceneViewState":{"m_AlwaysRefresh":false,"showFog":true,"showSkybox":true,"showFlares":true,"showImageEffects":true,"showParticleSystems":true,"showVisualEffectGraphs":true,"m_FxEnabled":true},"in2DMode":false,"pivot":{"x":-6.543308734893799,"y":0.6523840427398682,"z":-7.9893693923950199},"rotation":{"x":-0.00203396612778306,"y":-0.9485176801681519,"z":0.3169589042663574,"w":-0.0062778727151453499},"size":7.69556999206543,"orthographic":false}